stop_hour,year,month,count
0,2014,1,2835
0,2014,2,39
1,2014,1,1693
2,2014,1,1052
3,2014,1,719
4,2014,1,625
5,2014,1,1483
6,2014,1,6422
7,2014,1,12464
8,2014,1,23388
9,2014,1,22836
10,2014,1,13398
11,2014,1,12412
12,2014,1,15131
12,2014,2,2
13,2014,1,16240
14,2014,1,17120
14,2014,2,2
15,2014,1,17766
16,2014,1,20563
17,2014,1,27982
18,2014,1,29276
18,2014,2,1
19,2014,1,21190
20,2014,1,13725
20,2014,2,1
21,2014,1,9638
22,2014,1,7490
23,2014,1,4907
0,2014,2,2372
0,2014,3,13
1,2014,2,1288
2,2014,2,827
2,2014,3,1
3,2014,2,508
4,2014,2,444
5,2014,2,963
6,2014,2,3719
7,2014,2,7532
7,2014,3,1
8,2014,2,14991
9,2014,2,15599
10,2014,2,10448
11,2014,2,9926
12,2014,2,12052
13,2014,2,13336
13,2014,3,1
14,2014,2,14212
15,2014,2,14643
15,2014,3,1
16,2014,2,16737
17,2014,2,21853
18,2014,2,21061
19,2014,2,15215
20,2014,2,10104
20,2014,3,1
21,2014,2,7103
22,2014,2,5860
23,2014,2,3925
0,2014,3,4176
0,2014,4,30
1,2014,3,2410
2,2014,3,1285
3,2014,3,930
4,2014,3,858
5,2014,3,1861
6,2014,3,7694
7,2014,3,15260
8,2014,3,31134
9,2014,3,32188
10,2014,3,20157
11,2014,3,18750
12,2014,3,22918
13,2014,3,24846
14,2014,3,26229
15,2014,3,27581
16,2014,3,30919
17,2014,3,43170
18,2014,3,45304
19,2014,3,32209
20,2014,3,19704
21,2014,3,13225
22,2014,3,9722
23,2014,3,6557
0,2014,4,5773
0,2014,5,4
1,2014,4,3251
2,2014,4,1870
3,2014,4,1009
4,2014,4,996
5,2014,4,2438
6,2014,4,11073
7,2014,4,23831
8,2014,4,47780
9,2014,4,47779
10,2014,4,30301
11,2014,4,29866
12,2014,4,36288
13,2014,4,40602
14,2014,4,41620
15,2014,4,42946
16,2014,4,49080
17,2014,4,65038
18,2014,4,67989
19,2014,4,48725
20,2014,4,29572
21,2014,4,19170
22,2014,4,14185
23,2014,4,9594
0,2014,5,8918
0,2014,6,113
1,2014,5,5065
1,2014,6,1
2,2014,5,2928
2,2014,6,1
3,2014,5,1619
4,2014,5,1414
4,2014,6,1
5,2014,5,3105
6,2014,5,13767
7,2014,5,29036
8,2014,5,57094
9,2014,5,57170
10,2014,5,38447
11,2014,5,38972
12,2014,5,48073
13,2014,5,52972
14,2014,5,53295
15,2014,5,54160
16,2014,5,61771
17,2014,5,81808
18,2014,5,84991
19,2014,5,65111
20,2014,5,41570
21,2014,5,28100
22,2014,5,21316
23,2014,5,15299
0,2014,6,11858
0,2014,7,106
1,2014,6,6478
1,2014,7,5
2,2014,6,3683
3,2014,6,2287
4,2014,6,1716
5,2014,6,3524
6,2014,6,15184
7,2014,6,31098
8,2014,6,57321
9,2014,6,56263
10,2014,6,39026
11,2014,6,40609
12,2014,6,48330
13,2014,6,51884
14,2014,6,54829
15,2014,6,58323
16,2014,6,65339
17,2014,6,90642
18,2014,6,89959
19,2014,6,71017
20,2014,6,53582
21,2014,6,36694
22,2014,6,27160
23,2014,6,19963
0,2014,7,11664
0,2014,8,127
1,2014,7,6561
1,2014,8,7
2,2014,7,3786
3,2014,7,2510
4,2014,7,2034
5,2014,7,4005
6,2014,7,18626
7,2014,7,37467
8,2014,7,66870
9,2014,7,66890
10,2014,7,41498
11,2014,7,40117
12,2014,7,48348
13,2014,7,52360
14,2014,7,53002
15,2014,7,55546
16,2014,7,62324
17,2014,7,88275
18,2014,7,96643
19,2014,7,74520
20,2014,7,52862
21,2014,7,35683
22,2014,7,27517
23,2014,7,19600
0,2014,8,11850
0,2014,9,107
1,2014,8,6811
1,2014,9,1
2,2014,8,4048
2,2014,9,1
3,2014,8,2525
4,2014,8,2010
5,2014,8,3710
6,2014,8,16075
7,2014,8,32508
8,2014,8,60393
9,2014,8,61814
10,2014,8,41692
11,2014,8,43149
12,2014,8,52699
13,2014,8,56398
14,2014,8,56254
15,2014,8,58274
16,2014,8,65655
17,2014,8,87576
18,2014,8,94343
19,2014,8,74012
20,2014,8,51585
21,2014,8,34461
22,2014,8,26576
23,2014,8,18962
0,2014,9,10707
0,2014,10,53
1,2014,9,5992
1,2014,10,2
2,2014,9,3617
2,2014,10,1
3,2014,9,2230
3,2014,10,2
4,2014,9,1861
4,2014,10,1
5,2014,9,3925
6,2014,9,17182
6,2014,10,1
7,2014,9,36402
7,2014,10,3
8,2014,9,63781
8,2014,10,1
8,2014,11,1
9,2014,9,62490
9,2014,10,2
10,2014,9,41891
10,2014,10,1
11,2014,9,41989
11,2014,10,1
12,2014,9,50763
12,2014,10,1
13,2014,9,53948
13,2014,10,1
14,2014,9,55774
14,2014,10,2
15,2014,9,55333
15,2014,10,1
16,2014,9,64845
16,2014,10,1
17,2014,9,91106
17,2014,10,1
18,2014,9,97168
19,2014,9,72299
20,2014,9,46629
20,2014,10,2
21,2014,9,32467
21,2014,10,1
22,2014,9,24436
23,2014,9,16971
23,2014,10,2
0,2014,10,8828
0,2014,11,34
1,2014,10,5069
1,2014,11,2
2,2014,10,3005
2,2014,11,1
3,2014,10,1808
4,2014,10,1419
4,2014,11,2
5,2014,10,3328
6,2014,10,15206
6,2014,11,1
7,2014,10,32348
8,2014,10,60278
8,2014,11,1
8,2014,12,1
9,2014,10,59081
9,2014,12,1
10,2014,10,35924
10,2014,11,2
10,2014,12,1
11,2014,10,34440
11,2014,11,1
12,2014,10,42008
12,2014,11,1
13,2014,10,45520
13,2014,11,1
14,2014,10,48372
14,2014,11,1
15,2014,10,51821
16,2014,10,61148
16,2014,11,3
17,2014,10,82333
17,2014,11,2
18,2014,10,83080
18,2014,11,2
19,2014,10,56603
20,2014,10,37032
21,2014,10,26149
22,2014,10,20048
22,2014,11,1
23,2014,10,13805
0,2014,11,5683
0,2014,12,28
1,2014,11,3349
2,2014,11,2051
3,2014,11,1273
4,2014,11,1091
5,2014,11,2246
6,2014,11,10405
7,2014,11,21143
7,2014,12,1
8,2014,11,39314
8,2014,12,4
9,2014,11,39338
10,2014,11,25363
10,2014,12,2
11,2014,11,24503
11,2014,12,1
12,2014,11,28965
13,2014,11,30228
13,2014,12,1
14,2014,11,31576
15,2014,11,33141
15,2014,12,1
16,2014,11,37597
17,2014,11,47808
18,2014,11,48253
19,2014,11,34640
19,2014,12,1
20,2014,11,23029
21,2014,11,16259
22,2014,11,12955
23,2014,11,8939
0,2014,12,4401
0,2015,1,16
1,2014,12,2560
1,2015,1,6
2,2014,12,1528
3,2014,12,959
4,2014,12,933
5,2014,12,2085
6,2014,12,8968
7,2014,12,17427
8,2014,12,31888
9,2014,12,31374
9,2015,1,2
10,2014,12,20067
11,2014,12,18900
12,2014,12,21613
13,2014,12,22561
13,2015,1,1
14,2014,12,24034
14,2015,1,1
15,2014,12,25721
15,2015,1,1
16,2014,12,28697
17,2014,12,34464
17,2015,1,1
18,2014,12,33277
19,2014,12,23808
20,2014,12,15934
21,2014,12,11753
22,2014,12,9240
23,2014,12,6849
0,2015,1,2624
0,2015,2,22
1,2015,1,1529
2,2015,1,1062
2,2015,2,1
3,2015,1,673
4,2015,1,586
5,2015,1,1838
6,2015,1,7151
7,2015,1,13281
8,2015,1,23497
9,2015,1,21510
10,2015,1,13016
11,2015,1,12202
12,2015,1,14311
13,2015,1,15216
14,2015,1,16025
15,2015,1,16700
16,2015,1,19693
17,2015,1,27073
18,2015,1,27664
19,2015,1,19038
20,2015,1,12071
21,2015,1,8123
22,2015,1,6312
23,2015,1,4334
0,2015,2,1882
0,2015,3,22
1,2015,2,995
2,2015,2,557
3,2015,2,386
4,2015,2,352
5,2015,2,1107
6,2015,2,3959
7,2015,2,7852
8,2015,2,15234
9,2015,2,15146
10,2015,2,9709
11,2015,2,8522
12,2015,2,9698
13,2015,2,10577
14,2015,2,10791
15,2015,2,11407
16,2015,2,13461
17,2015,2,19652
18,2015,2,19537
19,2015,2,13554
20,2015,2,8546
21,2015,2,6124
22,2015,2,4648
23,2015,2,3212
0,2015,3,2884
0,2015,4,25
1,2015,3,1482
2,2015,3,844
3,2015,3,635
4,2015,3,579
4,2015,4,1
5,2015,3,1697
6,2015,3,7456
7,2015,3,14522
8,2015,3,28514
8,2015,4,4
9,2015,3,28301
10,2015,3,16114
10,2015,4,1
11,2015,3,14700
12,2015,3,17245
12,2015,4,1
13,2015,3,17769
14,2015,3,18350
15,2015,3,18864
16,2015,3,22005
16,2015,4,1
17,2015,3,33706
18,2015,3,36192
19,2015,3,24140
20,2015,3,14150
21,2015,3,9838
22,2015,3,6886
23,2015,3,4920
0,2015,4,6093
0,2015,5,55
0,2015,6,1
1,2015,4,3302
1,2015,5,2
2,2015,4,1964
2,2015,5,1
3,2015,4,1187
3,2015,5,2
4,2015,4,985
4,2015,5,2
5,2015,4,2618
5,2015,5,2
6,2015,4,12003
7,2015,4,25098
7,2015,5,2
8,2015,4,45821
8,2015,5,1
9,2015,4,45385
9,2015,5,1
10,2015,4,29685
10,2015,5,1
11,2015,4,28479
11,2015,5,2
12,2015,4,34123
12,2015,5,3
13,2015,4,36288
14,2015,4,38256
14,2015,5,2
15,2015,4,39714
15,2015,5,2
16,2015,4,45599
16,2015,5,2
16,2015,6,1
17,2015,4,64868
18,2015,4,67409
18,2015,5,1
19,2015,4,48445
20,2015,4,30079
20,2015,5,1
21,2015,4,20005
22,2015,4,14861
22,2015,5,1
23,2015,4,10036
23,2015,5,2
0,2015,5,10128
0,2015,6,29
1,2015,5,5971
1,2015,6,1
2,2015,5,3347
3,2015,5,2088
4,2015,5,1690
5,2015,5,3805
5,2015,6,1
6,2015,5,16139
6,2015,6,1
7,2015,5,34484
7,2015,6,4
8,2015,5,63229
8,2015,6,3
9,2015,5,61069
9,2015,6,2
10,2015,5,43442
11,2015,5,44169
11,2015,6,2
12,2015,5,52769
13,2015,5,57311
13,2015,6,1
14,2015,5,59365
14,2015,6,2
15,2015,5,61334
15,2015,6,1
16,2015,5,69302
16,2015,6,2
17,2015,5,91561
18,2015,5,94248
18,2015,6,2
19,2015,5,70899
19,2015,6,1
20,2015,5,45632
21,2015,5,29898
22,2015,5,23192
23,2015,5,16862
0,2015,6,10697
0,2015,7,107
1,2015,6,5843
1,2015,7,2
2,2015,6,3287
2,2015,7,2
3,2015,6,2081
4,2015,6,1608
5,2015,6,4117
6,2015,6,18106
6,2015,7,1
7,2015,6,37722
7,2015,7,1
8,2015,6,69762
8,2015,7,2
9,2015,6,66437
9,2015,7,3
10,2015,6,40466
11,2015,6,39062
11,2015,7,1
12,2015,6,45836
12,2015,7,1
13,2015,6,50383
14,2015,6,51648
14,2015,7,1
15,2015,6,53487
16,2015,6,62396
16,2015,7,2
17,2015,6,88244
18,2015,6,93653
18,2015,7,3
19,2015,6,70245
19,2015,7,1
20,2015,6,49763
20,2015,7,1
21,2015,6,34174
22,2015,6,24709
22,2015,7,1
23,2015,6,17363
23,2015,7,1
0,2015,7,13513
0,2015,8,168
1,2015,7,7312
1,2015,8,11
2,2015,7,4264
2,2015,8,3
3,2015,7,2653
3,2015,8,3
4,2015,7,2045
4,2015,8,1
5,2015,7,4924
6,2015,7,20401
6,2015,8,2
7,2015,7,41827
8,2015,7,75473
8,2015,8,1
9,2015,7,73261
10,2015,7,45751
10,2015,8,1
11,2015,7,44595
11,2015,8,1
12,2015,7,53338
12,2015,8,2
13,2015,7,55664
14,2015,7,56121
14,2015,8,1
15,2015,7,61059
15,2015,8,2
16,2015,7,70240
16,2015,8,4
17,2015,7,100002
18,2015,7,110507
19,2015,7,86267
19,2015,8,1
20,2015,7,60874
21,2015,7,41243
22,2015,7,31632
23,2015,7,22509
0,2015,8,14089
0,2015,9,90
1,2015,8,8027
1,2015,9,2
2,2015,8,4629
2,2015,9,1
3,2015,8,2895
4,2015,8,2258
4,2015,9,1
5,2015,8,4448
5,2015,9,1
6,2015,8,18986
6,2015,9,1
7,2015,8,40181
7,2015,9,4
8,2015,8,76015
8,2015,9,6
9,2015,8,76450
9,2015,9,2
10,2015,8,51663
10,2015,9,1
11,2015,8,52720
11,2015,9,3
12,2015,8,63185
12,2015,9,3
13,2015,8,65176
13,2015,9,1
14,2015,8,65553
14,2015,9,3
15,2015,8,68709
15,2015,9,2
16,2015,8,77972
16,2015,9,1
17,2015,8,109407
18,2015,8,118496
18,2015,9,3
19,2015,8,93236
20,2015,8,64405
20,2015,9,1
21,2015,8,43831
21,2015,9,1
22,2015,8,33192
22,2015,9,1
23,2015,8,23392
23,2015,9,1
0,2015,9,14164
0,2015,10,111
1,2015,9,7716
1,2015,10,4
2,2015,9,4613
2,2015,10,1
3,2015,9,2809
4,2015,9,2247
4,2015,10,1
5,2015,9,4901
5,2015,10,3
6,2015,9,21718
6,2015,10,6
7,2015,9,47964
7,2015,10,8
8,2015,9,90843
8,2015,10,13
9,2015,9,86543
9,2015,10,5
10,2015,9,57659
10,2015,10,5
11,2015,9,58153
11,2015,10,3
12,2015,9,68432
12,2015,10,2
13,2015,9,72544
13,2015,10,1
14,2015,9,74742
14,2015,10,1
15,2015,9,78521
16,2015,9,88317
17,2015,9,122486
18,2015,9,128080
19,2015,9,96499
20,2015,9,61312
21,2015,9,43934
22,2015,9,32454
23,2015,9,22884
0,2015,10,12289
0,2015,11,166
1,2015,10,6920
1,2015,11,19
2,2015,10,3925
2,2015,11,7
3,2015,10,2348
3,2015,11,4
4,2015,10,2063
4,2015,11,1
5,2015,10,4931
6,2015,10,21809
6,2015,11,4
7,2015,10,48383
7,2015,11,6
8,2015,10,96592
8,2015,11,5
9,2015,10,90662
9,2015,11,3
10,2015,10,56255
10,2015,11,10
11,2015,10,54066
11,2015,11,6
12,2015,10,64472
12,2015,11,3
13,2015,10,68080
13,2015,11,5
14,2015,10,71385
14,2015,11,5
15,2015,10,74598
15,2015,11,4
16,2015,10,85399
16,2015,11,8
17,2015,10,115082
17,2015,11,4
18,2015,10,116856
18,2015,11,3
19,2015,10,79408
20,2015,10,51659
20,2015,11,3
21,2015,10,36979
21,2015,11,3
22,2015,10,28082
22,2015,11,7
23,2015,10,19756
23,2015,11,2
0,2015,11,9812
0,2015,12,51
1,2015,11,6290
1,2015,12,3
2,2015,11,3416
3,2015,11,2158
4,2015,11,1801
4,2015,12,2
5,2015,11,4447
6,2015,11,18988
6,2015,12,2
7,2015,11,42702
7,2015,12,4
8,2015,11,79807
8,2015,12,7
9,2015,11,74018
9,2015,12,2
10,2015,11,47512
10,2015,12,1
11,2015,11,46129
12,2015,11,55162
13,2015,11,58750
14,2015,11,60011
14,2015,12,1
15,2015,11,64000
15,2015,12,3
16,2015,11,69398
16,2015,12,1
17,2015,11,87020
18,2015,11,86045
18,2015,12,1
19,2015,11,61231
20,2015,11,40684
20,2015,12,1
21,2015,11,29658
22,2015,11,22661
23,2015,11,15466
0,2015,12,8782
0,2016,1,50
1,2015,12,5425
1,2016,1,6
2,2015,12,3084
2,2016,1,5
3,2015,12,1890
3,2016,1,2
4,2015,12,1648
4,2016,1,2
5,2015,12,3852
5,2016,1,1
6,2015,12,14940
7,2015,12,33772
7,2016,1,2
8,2015,12,66383
8,2016,1,5
9,2015,12,61155
9,2016,1,1
10,2015,12,38841
11,2015,12,37734
11,2016,1,1
12,2015,12,44643
12,2016,1,8
13,2015,12,47907
13,2016,1,4
14,2015,12,50225
14,2016,1,6
15,2015,12,51595
15,2016,1,2
16,2015,12,56196
16,2016,1,1
17,2015,12,68919
17,2016,1,3
18,2015,12,70059
18,2016,1,1
19,2015,12,49111
19,2016,1,1
20,2015,12,32644
20,2016,1,2
21,2015,12,23338
21,2016,1,3
22,2015,12,18641
22,2016,1,2
23,2015,12,13232
23,2016,1,1
0,2016,1,4695
0,2016,2,31
1,2016,1,2903
2,2016,1,1653
3,2016,1,1108
3,2016,2,2
4,2016,1,1012
4,2016,2,1
5,2016,1,2682
5,2016,2,1
6,2016,1,10446
6,2016,2,2
7,2016,1,20846
7,2016,2,7
8,2016,1,41311
8,2016,2,5
9,2016,1,39392
9,2016,2,6
10,2016,1,23891
10,2016,2,2
11,2016,1,22766
11,2016,2,1
12,2016,1,26164
12,2016,2,2
13,2016,1,28785
14,2016,1,30611
14,2016,2,2
15,2016,1,31949
15,2016,2,1
16,2016,1,35621
16,2016,2,5
17,2016,1,47493
17,2016,2,1
18,2016,1,47799
18,2016,2,5
19,2016,1,33887
19,2016,2,1
20,2016,1,21885
20,2016,2,1
21,2016,1,14416
22,2016,1,10902
22,2016,2,1
23,2016,1,7183
23,2016,2,1
0,2016,2,4921
0,2016,3,33
1,2016,2,2617
1,2016,3,5
2,2016,2,1627
3,2016,2,1017
3,2016,3,2
4,2016,2,1040
4,2016,3,1
5,2016,2,3141
5,2016,3,1
6,2016,2,12435
6,2016,3,2
7,2016,2,25718
7,2016,3,2
8,2016,2,48522
8,2016,3,10
9,2016,2,45710
9,2016,3,7
10,2016,2,26659
10,2016,3,2
11,2016,2,24133
11,2016,3,1
12,2016,2,27749
12,2016,3,1
13,2016,2,29339
13,2016,3,3
14,2016,2,30837
15,2016,2,32573
16,2016,2,37538
17,2016,2,52544
18,2016,2,54298
19,2016,2,37392
20,2016,2,23963
21,2016,2,16593
22,2016,2,12296
23,2016,2,8142
0,2016,3,7721
0,2016,4,98
1,2016,3,4206
1,2016,4,2
2,2016,3,2114
3,2016,3,1433
3,2016,4,1
4,2016,3,1363
4,2016,4,1
5,2016,3,3960
5,2016,4,6
6,2016,3,16157
6,2016,4,5
7,2016,3,35754
7,2016,4,4
8,2016,3,70979
8,2016,4,7
9,2016,3,68537
9,2016,4,12
10,2016,3,40822
10,2016,4,4
11,2016,3,39585
11,2016,4,4
12,2016,3,47422
12,2016,4,7
13,2016,3,50986
13,2016,4,3
14,2016,3,54077
14,2016,4,11
15,2016,3,57034
15,2016,4,2
16,2016,3,65732
16,2016,4,3
17,2016,3,92200
17,2016,4,3
18,2016,3,94270
18,2016,4,2
19,2016,3,64219
19,2016,4,4
20,2016,3,40167
20,2016,4,1
21,2016,3,27820
21,2016,4,2
22,2016,3,19660
22,2016,4,3
23,2016,3,13518
0,2016,4,9130
0,2016,5,113
1,2016,4,4364
1,2016,5,6
2,2016,4,2624
2,2016,5,4
3,2016,4,1566
3,2016,5,1
4,2016,4,1480
4,2016,5,1
5,2016,4,4141
5,2016,5,2
6,2016,4,17802
6,2016,5,2
7,2016,4,38614
7,2016,5,4
8,2016,4,73471
8,2016,5,16
9,2016,4,71543
9,2016,5,9
10,2016,4,43862
10,2016,5,5
11,2016,4,44022
11,2016,5,3
12,2016,4,52509
12,2016,5,13
13,2016,4,55934
13,2016,5,11
14,2016,4,59843
14,2016,5,13
15,2016,4,62647
15,2016,5,7
16,2016,4,72483
16,2016,5,5
17,2016,4,101160
17,2016,5,11
18,2016,4,106647
18,2016,5,4
19,2016,4,74201
19,2016,5,9
20,2016,4,46475
20,2016,5,1
21,2016,4,30620
21,2016,5,1
22,2016,4,22228
22,2016,5,10
23,2016,4,15531
23,2016,5,1
0,2016,5,12196
0,2016,6,126
1,2016,5,6393
1,2016,6,4
2,2016,5,3924
2,2016,6,2
3,2016,5,2304
3,2016,6,1
4,2016,5,1919
4,2016,6,4
5,2016,5,4757
5,2016,6,2
6,2016,5,19578
6,2016,6,3
7,2016,5,43563
7,2016,6,10
8,2016,5,85485
8,2016,6,12
9,2016,5,81009
9,2016,6,6
10,2016,5,54034
10,2016,6,1
11,2016,5,53744
11,2016,6,1
12,2016,5,64276
13,2016,5,70054
14,2016,5,72289
15,2016,5,74406
16,2016,5,83723
17,2016,5,114546
18,2016,5,122849
19,2016,5,89275
20,2016,5,60912
21,2016,5,40595
22,2016,5,29725
23,2016,5,20552
0,2016,6,16072
0,2016,7,208
1,2016,6,8419
1,2016,7,1
2,2016,6,4848
3,2016,6,3135
3,2016,7,2
4,2016,6,2566
4,2016,7,2
5,2016,6,6397
6,2016,6,26016
6,2016,7,2
7,2016,6,55989
7,2016,7,2
8,2016,6,106314
8,2016,7,4
9,2016,6,99542
9,2016,7,2
10,2016,6,64328
10,2016,7,2
11,2016,6,61603
12,2016,6,71499
12,2016,7,5
13,2016,6,77326
13,2016,7,7
14,2016,6,79889
14,2016,7,2
15,2016,6,82721
15,2016,7,2
16,2016,6,95012
16,2016,7,1
17,2016,6,138640
17,2016,7,1
18,2016,6,151244
19,2016,6,112230
19,2016,7,1
20,2016,6,78761
21,2016,6,52889
21,2016,7,1
22,2016,6,37493
22,2016,7,5
23,2016,6,27134
23,2016,7,1
0,2016,7,16821
0,2016,8,48
1,2016,7,9340
1,2016,8,7
2,2016,7,5665
2,2016,8,1
3,2016,7,3594
3,2016,8,1
4,2016,7,2827
4,2016,9,1
5,2016,7,6204
6,2016,7,24838
7,2016,7,51944
7,2016,8,1
8,2016,7,93507
8,2016,8,6
9,2016,7,92687
9,2016,8,5
9,2016,9,1
10,2016,7,62659
10,2016,8,2
11,2016,7,62575
11,2016,8,4
12,2016,7,71824
13,2016,7,78569
13,2016,8,5
14,2016,7,80898
14,2016,8,6
15,2016,7,82445
16,2016,7,88709
17,2016,7,118762
17,2016,8,3
18,2016,7,128353
18,2016,8,2
19,2016,7,104638
19,2016,8,3
19,2016,10,1
20,2016,7,75067
20,2016,8,1
21,2016,7,53000
21,2016,8,1
21,2016,9,1
22,2016,7,38437
22,2016,8,8
23,2016,7,26637
23,2016,8,2
0,2016,8,16718
0,2016,9,122
1,2016,8,9312
1,2016,9,2
2,2016,8,5394
3,2016,8,3267
3,2016,9,1
4,2016,8,2755
5,2016,8,7053
5,2016,9,2
6,2016,8,29354
6,2016,9,1
7,2016,8,62072
7,2016,9,1
8,2016,8,114117
8,2016,9,3
9,2016,8,109881
9,2016,9,2
10,2016,8,70667
10,2016,9,1
11,2016,8,68317
11,2016,9,3
12,2016,8,78488
12,2016,9,4
13,2016,8,80907
13,2016,9,1
14,2016,8,81811
14,2016,9,5
15,2016,8,85261
15,2016,9,1
16,2016,8,100145
16,2016,9,2
16,2016,10,1
17,2016,8,144177
17,2016,9,6
18,2016,8,157717
18,2016,9,2
19,2016,8,121170
19,2016,9,3
20,2016,8,82809
20,2016,9,3
21,2016,8,55595
21,2016,9,2
22,2016,8,41485
22,2016,9,2
23,2016,8,29019
23,2016,9,2
0,2016,9,17673
0,2016,10,90
1,2016,9,9438
1,2016,10,1
2,2016,9,5254
3,2016,9,3347
4,2016,9,2809
4,2016,10,1
5,2016,9,7387
5,2016,10,1
6,2016,9,28009
6,2016,10,1
7,2016,9,63339
7,2016,10,2
8,2016,9,119992
8,2016,10,2
9,2016,9,107026
9,2016,10,2
10,2016,9,71989
10,2016,10,1
11,2016,9,73623
11,2016,10,1
12,2016,9,87919
12,2016,10,1
13,2016,9,93765
14,2016,9,95892
14,2016,10,1
15,2016,9,99318
16,2016,9,114314
17,2016,9,155578
18,2016,9,164670
19,2016,9,124195
20,2016,9,79193
21,2016,9,54178
21,2016,10,1
22,2016,9,40443
22,2016,10,1
23,2016,9,29399
0,2016,10,15528
0,2016,11,59
1,2016,10,8643
1,2016,11,1
2,2016,10,5110
3,2016,10,3095
3,2016,11,2
3,2016,12,1
4,2016,10,2551
4,2016,11,1
5,2016,10,7330
5,2016,11,1
6,2016,10,28256
7,2016,10,62989
7,2016,11,5
7,2016,12,1
8,2016,10,122346
8,2016,11,7
9,2016,10,109006
9,2016,11,2
10,2016,10,71534
10,2016,11,5
11,2016,10,69725
11,2016,11,1
11,2016,12,1
12,2016,10,82491
12,2016,11,5
13,2016,10,87773
13,2016,11,1
14,2016,10,90184
14,2016,11,6
15,2016,10,96508
15,2016,11,1
16,2016,10,111644
16,2016,11,2
17,2016,10,153268
17,2016,11,3
17,2016,12,1
18,2016,10,159356
18,2016,11,1
19,2016,10,105767
20,2016,10,69577
20,2016,11,1
20,2016,12,1
21,2016,10,49120
21,2016,11,1
21,2017,1,1
22,2016,10,36095
22,2016,11,3
23,2016,10,25861
23,2016,11,1
0,2016,11,11225
0,2016,12,40
1,2016,11,6523
2,2016,11,3343
2,2016,12,1
3,2016,11,2012
3,2016,12,1
4,2016,11,1859
4,2016,12,1
5,2016,11,6341
5,2016,12,1
6,2016,11,24226
6,2016,12,3
7,2016,11,53279
7,2016,12,5
8,2016,11,99398
8,2016,12,2
9,2016,11,88550
9,2016,12,1
10,2016,11,57854
10,2016,12,1
11,2016,11,55076
11,2016,12,1
12,2016,11,63440
13,2016,11,68801
13,2016,12,4
14,2016,11,71944
14,2016,12,4
15,2016,11,76058
15,2016,12,1
16,2016,11,84870
17,2016,11,106803
17,2016,12,1
18,2016,11,106872
19,2016,11,75584
20,2016,11,50578
21,2016,11,36659
22,2016,11,27427
23,2016,11,18151
23,2016,12,2
0,2016,12,7951
0,2017,1,43
1,2016,12,4553
1,2017,1,8
2,2016,12,2628
3,2016,12,1458
3,2017,1,2
4,2016,12,1342
4,2017,1,3
5,2016,12,4223
6,2016,12,15935
7,2016,12,34648
7,2017,1,1
8,2016,12,67239
8,2017,1,4
9,2016,12,62424
9,2017,1,1
10,2016,12,40124
10,2017,1,2
11,2016,12,37761
12,2016,12,44634
12,2017,1,4
13,2016,12,46947
13,2017,1,4
14,2016,12,49517
14,2017,1,2
15,2016,12,52060
16,2016,12,59077
17,2016,12,72803
17,2017,1,1
18,2016,12,70251
19,2016,12,49645
20,2016,12,32704
20,2017,1,1
21,2016,12,23301
22,2016,12,18058
22,2017,1,1
23,2016,12,12832
0,2017,1,5962
0,2017,2,38
1,2017,1,3715
2,2017,1,2202
2,2017,2,2
3,2017,1,1475
3,2017,2,1
4,2017,1,1329
5,2017,1,4801
5,2017,2,1
6,2017,1,16800
7,2017,1,36111
7,2017,2,2
8,2017,1,68652
8,2017,2,1
9,2017,1,59137
9,2017,2,1
10,2017,1,35852
10,2017,2,1
11,2017,1,32206
12,2017,1,36993
13,2017,1,39577
13,2017,3,1
14,2017,1,41745
14,2017,2,1
14,2017,3,2
15,2017,1,42450
15,2017,2,2
16,2017,1,45675
16,2017,2,1
17,2017,1,63247
17,2017,2,1
18,2017,1,65023
18,2017,2,1
19,2017,1,46646
20,2017,1,30772
21,2017,1,20743
22,2017,1,15402
23,2017,1,10105
0,2017,2,6298
0,2017,3,60
1,2017,2,3532
1,2017,3,1
2,2017,2,2051
2,2017,3,2
3,2017,2,1143
4,2017,2,1043
4,2017,3,1
5,2017,2,4181
6,2017,2,15150
6,2017,3,2
7,2017,2,34245
7,2017,3,2
8,2017,2,65003
8,2017,3,4
9,2017,2,58836
9,2017,3,3
10,2017,2,36758
10,2017,3,3
11,2017,2,34135
11,2017,3,1
12,2017,2,41336
13,2017,2,44619
14,2017,2,47757
14,2017,3,3
15,2017,2,50605
15,2017,3,1
16,2017,2,56849
17,2017,2,76716
18,2017,2,74679
18,2017,3,2
19,2017,2,50788
19,2017,3,1
20,2017,2,33184
21,2017,2,23425
22,2017,2,17479
23,2017,2,11748
23,2017,3,1
0,2017,3,5959
0,2017,4,21
1,2017,3,3058
2,2017,3,1546
2,2017,4,1
3,2017,3,936
4,2017,3,938
5,2017,3,3862
6,2017,3,15131
7,2017,3,33035
8,2017,3,62752
8,2017,4,1
9,2017,3,55620
9,2017,4,1
10,2017,3,32596
11,2017,3,28273
11,2017,4,1
12,2017,3,34010
13,2017,3,36437
13,2017,4,3
14,2017,3,39314
14,2017,4,3
15,2017,3,41856
15,2017,4,1
16,2017,3,48319
16,2017,4,1
17,2017,3,73479
18,2017,3,77243
18,2017,4,3
19,2017,3,52156
19,2017,4,4
20,2017,3,32477
20,2017,4,1
21,2017,3,22183
22,2017,3,16152
23,2017,3,10292
0,2017,4,11582
0,2017,5,71
0,2017,6,1
0,2017,7,2
1,2017,4,6176
1,2017,5,1
2,2017,4,3711
2,2017,7,1
3,2017,4,2014
3,2017,5,1
4,2017,4,1757
4,2017,5,1
5,2017,4,5275
5,2017,5,3
6,2017,4,19966
6,2017,5,3
7,2017,4,42084
7,2017,5,4
8,2017,4,84473
8,2017,5,11
9,2017,4,84930
9,2017,5,9
10,2017,4,60476
11,2017,4,62215
11,2017,5,5
11,2017,6,2
12,2017,4,74516
12,2017,5,3
13,2017,4,80171
13,2017,5,2
14,2017,4,84113
14,2017,5,12
14,2017,6,1
15,2017,4,86495
15,2017,5,1
15,2017,6,1
16,2017,4,96041
16,2017,5,2
16,2017,6,1
17,2017,4,126974
17,2017,5,3
17,2017,6,2
18,2017,4,134297
18,2017,5,2
18,2017,6,1
19,2017,4,96698
19,2017,5,3
19,2017,7,1
20,2017,4,60438
20,2017,5,2
21,2017,4,40467
21,2017,5,1
21,2017,6,1
22,2017,4,30039
22,2017,5,4
23,2017,4,20332
23,2017,5,6
0,2017,5,13551
0,2017,6,159
1,2017,5,7266
1,2017,6,2
2,2017,5,4032
2,2017,6,2
2,2017,7,1
3,2017,5,2455
3,2017,7,1
4,2017,5,2169
5,2017,5,7350
5,2017,6,1
6,2017,5,26957
6,2017,6,2
7,2017,5,59642
7,2017,6,3
8,2017,5,114009
8,2017,6,3
9,2017,5,103649
9,2017,6,5
10,2017,5,66687
11,2017,5,64751
11,2017,6,3
12,2017,5,76731
12,2017,6,2
13,2017,5,82262
13,2017,6,4
14,2017,5,85149
14,2017,6,7
14,2017,7,1
15,2017,5,89637
16,2017,5,102119
16,2017,6,1
16,2017,7,2
17,2017,5,145631
17,2017,6,1
17,2017,7,1
18,2017,5,159265
19,2017,5,118876
19,2017,6,2
20,2017,5,77822
20,2017,6,2
21,2017,5,51478
21,2017,7,1
22,2017,5,37046
22,2017,6,2
23,2017,5,24525
23,2017,7,1
0,2017,6,19779
0,2017,7,193
1,2017,6,10188
1,2017,7,10
2,2017,6,5630
2,2017,7,3
3,2017,6,3444
3,2017,7,5
4,2017,6,2852
4,2017,7,2
5,2017,6,8306
5,2017,7,3
6,2017,6,31668
6,2017,7,5
7,2017,6,66753
7,2017,7,3
8,2017,6,121099
8,2017,7,13
9,2017,6,116420
9,2017,7,6
10,2017,6,77598
10,2017,7,2
11,2017,6,77088
11,2017,7,5
12,2017,6,87705
12,2017,7,6
13,2017,6,91900
13,2017,7,5
14,2017,6,94675
14,2017,7,31
15,2017,6,100545
15,2017,7,5
16,2017,6,116196
16,2017,7,8
17,2017,6,161212
17,2017,7,12
18,2017,6,172176
18,2017,7,4
19,2017,6,129540
19,2017,7,5
20,2017,6,91417
20,2017,7,5
21,2017,6,64018
21,2017,7,7
22,2017,6,47952
22,2017,7,3
23,2017,6,33084
23,2017,7,8
0,2017,7,19779
0,2017,8,152
1,2017,7,11035
1,2017,8,9
2,2017,7,6276
2,2017,8,2
3,2017,7,3870
4,2017,7,3148
4,2017,8,3
5,2017,7,8346
5,2017,8,1
6,2017,7,30097
6,2017,8,2
7,2017,7,60618
7,2017,8,4
8,2017,7,107964
8,2017,8,4
9,2017,7,104266
9,2017,8,4
10,2017,7,72699
10,2017,8,4
11,2017,7,74857
12,2017,7,90206
13,2017,7,97542
14,2017,7,100119
15,2017,7,104271
16,2017,7,119855
17,2017,7,160254
18,2017,7,174002
19,2017,7,135404
20,2017,7,99365
21,2017,7,65964
22,2017,7,50934
23,2017,7,34543
0,2017,8,18493
0,2017,9,157
1,2017,8,10819
1,2017,9,10
2,2017,8,5771
2,2017,9,18
3,2017,8,3487
3,2017,9,4
4,2017,8,3031
4,2017,9,3
5,2017,8,8854
6,2017,8,35605
7,2017,8,68650
7,2017,9,4
8,2017,8,125453
8,2017,9,7
9,2017,8,121140
9,2017,9,4
10,2017,8,81644
10,2017,9,8
11,2017,8,82478
11,2017,9,6
12,2017,8,96918
12,2017,9,2
13,2017,8,98833
13,2017,9,6
14,2017,8,97999
14,2017,9,26
15,2017,8,103742
15,2017,9,1
16,2017,8,118963
16,2017,9,8
17,2017,8,165941
17,2017,9,5
18,2017,8,183312
18,2017,9,9
19,2017,8,142260
19,2017,9,3
20,2017,8,97276
20,2017,9,2
21,2017,8,65171
21,2017,9,8
22,2017,8,48078
22,2017,9,3
23,2017,8,32279
23,2017,9,7
0,2017,9,19119
0,2017,10,170
1,2017,9,10712
1,2017,10,7
2,2017,9,5908
2,2017,10,4
3,2017,9,3683
4,2017,9,3038
5,2017,9,8705
6,2017,9,33505
6,2017,10,2
7,2017,9,75108
7,2017,10,3
8,2017,9,136849
8,2017,10,9
9,2017,9,123640
9,2017,10,5
10,2017,9,85101
10,2017,10,3
11,2017,9,85440
11,2017,10,5
12,2017,9,102324
12,2017,10,2
13,2017,9,107919
13,2017,10,4
14,2017,9,110320
14,2017,10,1
15,2017,9,114103
15,2017,10,5
16,2017,9,127844
16,2017,10,3
17,2017,9,174802
17,2017,10,2
18,2017,9,191098
19,2017,9,137490
19,2017,10,1
20,2017,9,85950
20,2017,10,3
21,2017,9,59767
21,2017,10,14
22,2017,9,44622
22,2017,10,1
23,2017,9,30804
23,2017,10,3
0,2017,10,19054
0,2017,11,146
1,2017,10,10895
1,2017,11,7
2,2017,10,6259
2,2017,11,1
3,2017,10,3735
3,2017,11,1
4,2017,10,3059
4,2017,11,3
4,2017,12,1
5,2017,10,8597
5,2017,11,6
6,2017,10,33217
6,2017,11,3
7,2017,10,73597
7,2017,11,3
8,2017,10,143186
8,2017,11,10
9,2017,10,130953
9,2017,11,4
10,2017,10,87612
10,2017,11,4
11,2017,10,83339
11,2017,11,2
11,2017,12,4
12,2017,10,100049
12,2017,11,6
12,2017,12,2
12,2018,1,1
13,2017,10,104991
13,2017,11,7
14,2017,10,110071
14,2017,11,7
14,2017,12,5
14,2018,1,1
15,2017,10,116992
15,2017,11,4
15,2018,1,1
16,2017,10,134489
16,2017,11,9
16,2017,12,1
17,2017,10,186589
17,2017,11,4
17,2018,1,1
18,2017,10,188666
18,2017,11,3
18,2017,12,1
19,2017,10,130294
19,2017,11,3
19,2018,1,1
20,2017,10,84591
20,2017,11,2
20,2017,12,1
21,2017,10,60786
21,2017,11,1
22,2017,10,45607
22,2017,11,1
22,2017,12,2
23,2017,10,30705
0,2017,11,11743
0,2017,12,70
1,2017,11,6605
1,2017,12,1
2,2017,11,3353
2,2017,12,1
3,2017,11,2091
3,2017,12,1
4,2017,11,1981
5,2017,11,7038
6,2017,11,26496
6,2017,12,1
7,2017,11,57842
8,2017,11,110560
8,2018,1,1
9,2017,11,101211
9,2017,12,1
9,2018,1,1
10,2017,11,66795
10,2017,12,1
11,2017,11,63316
11,2017,12,1
12,2017,11,74020
12,2017,12,3
13,2017,11,77511
13,2017,12,1
14,2017,11,79319
14,2017,12,4
15,2017,11,81472
15,2017,12,4
16,2017,11,89559
16,2017,12,4
17,2017,11,117323
17,2017,12,1
18,2017,11,119860
18,2017,12,2
19,2017,11,84950
19,2017,12,1
20,2017,11,56705
20,2017,12,2
21,2017,11,40700
21,2017,12,2
22,2017,11,29970
22,2017,12,5
23,2017,11,20121
0,2017,12,8889
0,2018,1,15
1,2017,12,5041
1,2018,1,1
2,2017,12,2831
3,2017,12,1769
4,2017,12,1721
5,2017,12,5057
6,2017,12,18820
7,2017,12,39917
7,2018,1,2
8,2017,12,75960
8,2018,1,3
9,2017,12,72154
9,2018,1,2
10,2017,12,45581
11,2017,12,42220
11,2018,1,1
12,2017,12,48363
12,2018,1,1
13,2017,12,51252
13,2018,1,3
14,2017,12,52402
14,2018,1,1
15,2017,12,54847
15,2018,1,4
16,2017,12,61203
17,2017,12,77851
18,2017,12,76587
19,2017,12,53765
19,2018,1,1
20,2017,12,35202
20,2018,1,1
21,2017,12,25036
21,2018,1,1
22,2017,12,19579
23,2017,12,13884
0,2018,1,5657
0,2018,2,45
1,2018,1,3086
2,2018,1,1723
3,2018,1,1035
4,2018,1,1188
5,2018,1,4429
5,2018,2,1
6,2018,1,15013
7,2018,1,31367
7,2018,2,2
8,2018,1,59881
8,2018,2,4
9,2018,1,54064
9,2018,2,4
10,2018,1,33611
10,2018,2,1
11,2018,1,30632
11,2018,2,1
12,2018,1,35200
12,2018,2,1
12,2018,4,1
13,2018,1,38888
13,2018,2,1
14,2018,1,41501
14,2018,2,5
14,2018,6,2
14,2018,9,1
15,2018,1,44259
15,2018,2,4
16,2018,1,50426
17,2018,1,68256
18,2018,1,70525
18,2018,2,1
19,2018,1,48911
20,2018,1,31654
20,2018,2,1
21,2018,1,21530
21,2018,2,1
22,2018,1,16031
23,2018,1,10051
0,2018,2,6523
0,2018,3,105
1,2018,2,3597
2,2018,2,2002
2,2018,3,1
3,2018,2,1261
4,2018,2,1256
4,2018,3,1
5,2018,2,5160
5,2018,3,1
6,2018,2,19015
6,2018,3,1
7,2018,2,40406
7,2018,3,5
8,2018,2,75066
8,2018,3,2
9,2018,2,67891
9,2018,3,4
9,2018,8,1
10,2018,2,40828
10,2018,3,4
11,2018,2,38066
11,2018,3,2
11,2018,5,1
12,2018,2,45054
12,2018,3,2
13,2018,2,45026
13,2018,3,2
13,2018,4,2
14,2018,2,45521
14,2018,3,7
15,2018,2,46462
15,2018,3,1
16,2018,2,53425
16,2018,4,2
17,2018,2,77691
17,2018,3,5
18,2018,2,79888
18,2018,3,2
19,2018,2,56536
19,2018,3,1
20,2018,2,36510
20,2018,4,1
21,2018,2,25415
21,2018,3,1
22,2018,2,18478
22,2018,3,2
22,2018,6,1
22,2018,7,1
22,2018,8,1
23,2018,2,11878
0,2018,3,7990
0,2018,4,116
0,2018,5,1
1,2018,3,4433
1,2018,4,2
2,2018,3,2344
2,2018,4,4
3,2018,3,1643
3,2018,4,1
3,2018,5,1
4,2018,3,1591
5,2018,3,5134
6,2018,3,18101
6,2018,4,1
7,2018,3,38150
7,2018,4,1
8,2018,3,75993
8,2018,4,2
8,2018,5,1
9,2018,3,71646
9,2018,4,4
10,2018,3,46086
10,2018,4,3
11,2018,3,44803
11,2018,4,7
12,2018,3,53740
12,2018,4,1
13,2018,3,56414
13,2018,4,3
14,2018,3,58545
14,2018,4,3
14,2018,5,1
14,2018,7,1
14,2018,8,1
14,2018,9,1
15,2018,3,62310
15,2018,4,5
15,2018,6,1
16,2018,3,69192
16,2018,4,5
17,2018,3,92901
17,2018,4,1
18,2018,3,96210
18,2018,4,3
19,2018,3,66525
19,2018,4,1
19,2018,5,1
20,2018,3,41421
20,2018,5,1
21,2018,3,27868
21,2018,4,2
22,2018,3,20145
22,2018,4,3
22,2018,6,1
23,2018,3,13308
0,2018,4,10828
0,2018,5,57
1,2018,4,6094
1,2018,5,4
1,2018,6,1
2,2018,4,3463
2,2018,5,1
2,2018,6,1
3,2018,4,1947
3,2018,5,1
4,2018,4,1862
4,2018,5,2
5,2018,4,6038
6,2018,4,21512
6,2018,5,3
7,2018,4,46787
7,2018,5,4
8,2018,4,88052
8,2018,5,3
8,2018,6,1
9,2018,4,86220
9,2018,5,3
10,2018,4,60176
10,2018,5,3
11,2018,4,59912
11,2018,5,2
12,2018,4,72012
13,2018,4,77234
13,2018,5,4
13,2018,6,2
14,2018,4,80550
14,2018,5,14
14,2018,6,2
15,2018,4,84631
15,2018,5,1
16,2018,4,96048
16,2018,6,1
16,2018,8,1
17,2018,4,129070
17,2018,5,1
18,2018,4,133899
19,2018,4,95573
19,2018,5,2
19,2018,6,1
20,2018,4,58475
20,2018,5,1
20,2018,7,1
21,2018,4,39760
21,2018,5,1
22,2018,4,28089
22,2018,5,3
23,2018,4,19190
0,2018,5,18039
0,2018,6,226
1,2018,5,10040
1,2018,6,3
2,2018,5,5749
2,2018,6,7
3,2018,5,3435
3,2018,6,2
4,2018,5,3007
4,2018,6,3
5,2018,5,9362
5,2018,6,1
6,2018,5,34720
6,2018,6,5
7,2018,5,75334
7,2018,6,4
8,2018,5,142547
8,2018,6,7
9,2018,5,127681
9,2018,6,3
10,2018,5,80520
10,2018,6,9
10,2018,8,1
11,2018,5,77486
11,2018,6,4
12,2018,5,91203
12,2018,6,3
12,2018,7,2
13,2018,5,96120
13,2018,6,7
14,2018,5,100142
14,2018,6,32
14,2018,8,1
14,2018,9,2
15,2018,5,106103
15,2018,6,6
15,2018,7,1
16,2018,5,124016
16,2018,6,2
16,2018,7,1
17,2018,5,171832
17,2018,6,3
18,2018,5,182575
18,2018,6,3
19,2018,5,134807
19,2018,6,3
19,2018,7,1
20,2018,5,92949
20,2018,6,1
21,2018,5,60739
21,2018,6,4
22,2018,5,45072
22,2018,6,7
22,2018,7,3
22,2018,8,1
23,2018,5,30871
23,2018,6,2
23,2018,7,1
0,2018,6,20879
0,2018,7,306
1,2018,6,11518
1,2018,7,15
2,2018,6,6679
2,2018,7,5
2,2018,8,2
3,2018,6,4291
3,2018,7,4
4,2018,6,3401
4,2018,7,3
4,2018,9,1
5,2018,6,9655
5,2018,7,3
6,2018,6,33736
6,2018,7,7
7,2018,6,69813
7,2018,7,8
8,2018,6,131845
8,2018,7,8
9,2018,6,129569
9,2018,7,13
10,2018,6,88842
10,2018,7,9
10,2018,8,1
10,2018,9,1
11,2018,6,86202
11,2018,7,9
11,2018,8,1
12,2018,6,100163
12,2018,7,6
13,2018,6,108340
13,2018,7,1
13,2018,8,1
13,2018,9,1
14,2018,6,109067
14,2018,7,39
14,2018,8,2
14,2018,9,1
15,2018,6,112701
15,2018,7,9
15,2018,8,1
16,2018,6,133104
16,2018,7,4
17,2018,6,181018
17,2018,7,3
17,2018,8,3
18,2018,6,195346
18,2018,7,8
18,2018,8,1
19,2018,6,149131
19,2018,7,11
20,2018,6,105708
20,2018,7,2
20,2018,8,1
21,2018,6,72178
21,2018,7,4
21,2018,8,1
22,2018,6,52823
22,2018,7,16
22,2018,8,2
23,2018,6,36574
23,2018,7,7
0,2018,7,21226
0,2018,8,191
1,2018,7,11925
1,2018,8,3
2,2018,7,6991
2,2018,8,4
3,2018,7,4152
3,2018,8,2
4,2018,7,3620
4,2018,8,1
5,2018,7,9654
5,2018,8,1
6,2018,7,33481
6,2018,8,3
7,2018,7,67491
7,2018,8,7
8,2018,7,128208
8,2018,8,5
9,2018,7,124722
9,2018,8,7
10,2018,7,86176
10,2018,8,2
11,2018,7,84851
11,2018,8,3
12,2018,7,99365
12,2018,8,3
12,2018,9,1
13,2018,7,109305
13,2018,8,5
14,2018,7,110671
14,2018,8,11
14,2018,9,3
15,2018,7,113499
15,2018,8,3
16,2018,7,130012
16,2018,8,5
17,2018,7,173838
17,2018,8,3
18,2018,7,180478
18,2018,8,5
19,2018,7,142884
19,2018,8,4
20,2018,7,104914
20,2018,8,3
21,2018,7,73391
21,2018,8,2
22,2018,7,55086
22,2018,8,10
23,2018,7,37398
0,2018,8,21225
0,2018,9,222
1,2018,8,12057
1,2018,9,10
2,2018,8,6990
2,2018,9,3
3,2018,8,4447
3,2018,9,6
4,2018,8,3906
4,2018,9,1
5,2018,8,10285
5,2018,9,1
6,2018,8,38347
6,2018,9,1
7,2018,8,76082
7,2018,9,2
8,2018,8,141737
8,2018,9,7
9,2018,8,131147
9,2018,9,3
10,2018,8,84058
10,2018,9,7
11,2018,8,84701
11,2018,9,5
12,2018,8,101435
12,2018,9,2
13,2018,8,107861
13,2018,9,11
14,2018,8,105314
14,2018,9,23
15,2018,8,110214
15,2018,9,4
16,2018,8,128994
16,2018,9,2
17,2018,8,183570
17,2018,9,7
18,2018,8,203260
18,2018,9,3
19,2018,8,153223
19,2018,9,1
20,2018,8,104640
20,2018,9,4
21,2018,8,72194
21,2018,9,4
22,2018,8,54171
22,2018,9,9
23,2018,8,36980
23,2018,9,1
0,2018,9,21627
0,2018,10,159
1,2018,9,12670
1,2018,10,3
2,2018,9,7670
2,2018,10,3
3,2018,9,4713
3,2018,10,1
4,2018,9,3825
5,2018,9,8761
5,2018,10,2
6,2018,9,30092
6,2018,10,1
7,2018,9,67075
7,2018,10,4
8,2018,9,124804
8,2018,10,10
9,2018,9,118497
9,2018,10,4
10,2018,9,86382
10,2018,10,2
11,2018,9,89664
11,2018,10,2
12,2018,9,105495
13,2018,9,109264
13,2018,10,4
14,2018,9,112509
14,2018,10,3
15,2018,9,119356
15,2018,10,1
16,2018,9,130730
16,2018,10,4
17,2018,9,173646
17,2018,10,2
18,2018,9,181443
18,2018,10,1
19,2018,9,133207
19,2018,10,1
20,2018,9,89144
21,2018,9,63926
21,2018,10,1
22,2018,9,48398
22,2018,10,2
23,2018,9,34776
0,2018,10,17235
0,2018,11,215
1,2018,10,9692
1,2018,11,1
2,2018,10,5532
2,2018,11,2
3,2018,10,3284
4,2018,10,3310
4,2018,11,1
5,2018,10,9946
5,2018,11,1
6,2018,10,36216
6,2018,11,6
7,2018,10,80681
7,2018,11,4
8,2018,10,150860
8,2018,11,4
9,2018,10,132993
9,2018,11,2
10,2018,10,83290
10,2018,11,4
11,2018,10,79015
11,2018,11,2
12,2018,10,95636
13,2018,10,102940
13,2018,11,1
14,2018,10,106241
14,2018,11,8
15,2018,10,113498
15,2018,11,5
16,2018,10,130449
16,2018,11,3
17,2018,10,180837
17,2018,11,3
18,2018,10,188226
19,2018,10,128026
19,2018,11,1
20,2018,10,83811
20,2018,11,1
21,2018,10,61268
21,2018,11,1
22,2018,10,45347
22,2018,11,2
23,2018,10,30057
0,2018,11,11026
0,2018,12,167
1,2018,11,6009
1,2018,12,2
2,2018,11,3437
3,2018,11,2084
3,2018,12,2
4,2018,11,2256
4,2018,12,1
5,2018,11,7614
5,2018,12,2
6,2018,11,26854
6,2018,12,3
7,2018,11,58681
7,2018,12,1
8,2018,11,108758
8,2018,12,3
9,2018,11,98036
9,2018,12,3
10,2018,11,64018
10,2018,12,2
11,2018,11,61459
11,2018,12,2
12,2018,11,72592
12,2018,12,2
13,2018,11,75691
14,2018,11,76457
14,2018,12,2
15,2018,11,77248
15,2018,12,4
16,2018,11,85154
16,2018,12,3
17,2018,11,106620
17,2018,12,3
18,2018,11,106684
18,2018,12,3
19,2018,11,74928
20,2018,11,50789
21,2018,11,37039
22,2018,11,27727
23,2018,11,18989
0,2018,12,10942
0,2019,1,8
1,2018,12,6333
1,2019,1,2
2,2018,12,3487
2,2019,1,1
3,2018,12,2208
4,2018,12,2151
5,2018,12,6143
6,2018,12,20482
6,2019,1,1
7,2018,12,43098
7,2019,1,1
8,2018,12,82413
8,2019,1,7
9,2018,12,76130
9,2019,1,2
10,2018,12,51617
10,2019,1,3
11,2018,12,51168
11,2019,1,2
12,2018,12,60016
12,2019,1,2
13,2018,12,63182
13,2019,1,4
14,2018,12,63003
14,2019,1,9
15,2018,12,65447
15,2019,1,3
16,2018,12,70693
16,2019,1,3
17,2018,12,84691
17,2019,1,3
18,2018,12,82214
18,2019,1,2
19,2018,12,59612
19,2019,1,1
20,2018,12,40503
20,2019,1,1
21,2018,12,30429
21,2019,1,2
22,2018,12,23629
23,2018,12,16857
0,2019,1,7304
0,2019,2,29
1,2019,1,4228
1,2019,2,2
2,2019,1,2598
3,2019,1,1729
4,2019,1,1977
5,2019,1,6812
5,2019,2,1
6,2019,1,22075
7,2019,1,44392
8,2019,1,84538
8,2019,2,2
9,2019,1,75736
9,2019,2,1
10,2019,1,45739
10,2019,2,3
11,2019,1,42185
11,2019,2,1
12,2019,1,50134
13,2019,1,54205
13,2019,2,2
14,2019,1,55642
14,2019,2,2
15,2019,1,57732
15,2019,2,2
16,2019,1,64551
16,2019,2,2
17,2019,1,90254
17,2019,2,2
18,2019,1,89945
19,2019,1,62586
19,2019,2,1
20,2019,1,41190
20,2019,2,1
21,2019,1,28425
21,2019,2,2
22,2019,1,20410
23,2019,1,12847
0,2019,2,7011
0,2019,3,80
1,2019,2,4001
2,2019,2,2173
3,2019,2,1354
4,2019,2,1783
4,2019,3,1
5,2019,2,6098
6,2019,2,20239
7,2019,2,42118
7,2019,3,4
8,2019,2,79970
8,2019,3,2
9,2019,2,72091
9,2019,3,5
10,2019,2,45098
10,2019,3,2
11,2019,2,43047
11,2019,3,3
12,2019,2,50434
13,2019,2,53255
13,2019,3,2
14,2019,2,54574
14,2019,3,1
15,2019,2,58642
15,2019,3,1
16,2019,2,66149
16,2019,3,2
17,2019,2,90105
17,2019,3,1
18,2019,2,86578
19,2019,2,59359
20,2019,2,38917
21,2019,2,27155
21,2019,3,3
22,2019,2,20421
23,2019,2,13065
0,2019,3,11518
0,2019,4,71
1,2019,3,6392
1,2019,4,1
2,2019,3,3578
2,2019,4,7
3,2019,3,2471
3,2019,4,3
4,2019,3,2373
5,2019,3,7162
5,2019,4,1
6,2019,3,23037
6,2019,4,2
7,2019,3,49153
7,2019,4,8
8,2019,3,95165
8,2019,4,13
9,2019,3,93448
9,2019,4,11
10,2019,3,62082
10,2019,4,7
11,2019,3,59693
11,2019,4,7
12,2019,3,71303
12,2019,4,5
13,2019,3,77070
13,2019,4,12
14,2019,3,79872
14,2019,4,6
15,2019,3,85206
15,2019,4,4
16,2019,3,95827
16,2019,4,9
17,2019,3,130057
17,2019,4,10
18,2019,3,132912
18,2019,4,8
19,2019,3,92569
19,2019,4,4
20,2019,3,59486
20,2019,4,8
21,2019,3,39400
21,2019,4,6
22,2019,3,28495
22,2019,4,3
23,2019,3,19485
0,2019,4,14178
0,2019,5,120
1,2019,4,7739
1,2019,5,3
2,2019,4,4619
2,2019,5,1
3,2019,4,2963
3,2019,5,3
4,2019,4,2913
4,2019,5,2
5,2019,4,8837
6,2019,4,30829
6,2019,5,3
7,2019,4,68235
7,2019,5,4
8,2019,4,131746
8,2019,5,12
9,2019,4,125109
9,2019,5,6
10,2019,4,82614
10,2019,5,4
11,2019,4,79616
11,2019,5,1
12,2019,4,93663
12,2019,5,3
13,2019,4,101494
13,2019,5,10
14,2019,4,105507
14,2019,5,5
15,2019,4,112357
15,2019,5,7
16,2019,4,124210
16,2019,5,6
17,2019,4,168879
17,2019,5,2
18,2019,4,177844
18,2019,5,6
19,2019,4,124606
19,2019,5,3
20,2019,4,79190
20,2019,5,4
21,2019,4,52599
21,2019,5,1
22,2019,4,39371
22,2019,5,1
23,2019,4,26767
23,2019,5,2
0,2019,5,17948
0,2019,6,475
1,2019,5,9744
1,2019,6,18
2,2019,5,5581
2,2019,6,7
3,2019,5,3617
3,2019,6,3
4,2019,5,3485
4,2019,6,6
5,2019,5,10644
5,2019,6,5
6,2019,5,35851
6,2019,6,7
7,2019,5,76489
7,2019,6,5
8,2019,5,141395
8,2019,6,18
9,2019,5,132402
9,2019,6,7
10,2019,5,87314
10,2019,6,6
11,2019,5,84484
11,2019,6,17
12,2019,5,100500
12,2019,6,10
13,2019,5,106791
13,2019,6,17
14,2019,5,112382
14,2019,6,9
15,2019,5,122738
15,2019,6,5
16,2019,5,137014
16,2019,6,6
17,2019,5,185964
17,2019,6,3
18,2019,5,182750
18,2019,6,4
19,2019,5,136608
19,2019,6,5
20,2019,5,93570
20,2019,6,5
21,2019,5,59133
21,2019,6,7
22,2019,5,44601
22,2019,6,2
23,2019,5,32909
23,2019,6,2
